-- phpMyAdmin SQL Dump
-- version 5.2.1
-- https://www.phpmyadmin.net/
--
-- Host: 127.0.0.1
-- Tempo de geração: 31-Out-2024 às 15:47
-- Versão do servidor: 10.4.32-MariaDB
-- versão do PHP: 8.0.30

SET SQL_MODE = "NO_AUTO_VALUE_ON_ZERO";
START TRANSACTION;
SET time_zone = "+00:00";


/*!40101 SET @OLD_CHARACTER_SET_CLIENT=@@CHARACTER_SET_CLIENT */;
/*!40101 SET @OLD_CHARACTER_SET_RESULTS=@@CHARACTER_SET_RESULTS */;
/*!40101 SET @OLD_COLLATION_CONNECTION=@@COLLATION_CONNECTION */;
/*!40101 SET NAMES utf8mb4 */;

--
-- Banco de dados: `liga_portuguesa`
--

-- --------------------------------------------------------

--
-- Estrutura da tabela `clubes`
--

CREATE TABLE `clubes` (
  `id` int(11) NOT NULL,
  `nome` varchar(255) NOT NULL
) ENGINE=InnoDB DEFAULT CHARSET=utf8mb4 COLLATE=utf8mb4_general_ci;

--
-- Extraindo dados da tabela `clubes`
--

INSERT INTO `clubes` (`id`, `nome`) VALUES
(1, 'AFS'),
(2, 'Boavista FC'),
(3, 'Casa Pia AC'),
(4, 'CD Nacional'),
(5, 'Estoril Praia'),
(6, 'Estrela da Amadora'),
(7, 'FC Arouca'),
(8, 'FC Famalicão'),
(9, 'FC Porto'),
(10, 'Gil Vicente FC'),
(11, 'Moreirense FC'),
(12, 'Rio Ave FC'),
(13, 'CD Santa Clara'),
(14, 'SC Braga'),
(15, 'SC Farense'),
(16, 'SL Benfica'),
(17, 'Sporting CP'),
(18, 'Vitória SC');

-- --------------------------------------------------------

--
-- Estrutura da tabela `jogadores`
--

CREATE TABLE `jogadores` (
  `id` int(11) NOT NULL,
  `nome` varchar(255) NOT NULL,
  `numero` int(11) DEFAULT NULL,
  `posicao` varchar(50) DEFAULT NULL,
  `nacionalidade` varchar(50) DEFAULT NULL,
  `clube_id` int(11) DEFAULT NULL
) ENGINE=InnoDB DEFAULT CHARSET=utf8mb4 COLLATE=utf8mb4_general_ci;

--
-- Extraindo dados da tabela `jogadores`
--

INSERT INTO `jogadores` (`id`, `nome`, `numero`, `posicao`, `nacionalidade`, `clube_id`) VALUES
(1, 'Lucas Moura', 1, 'Guarda-redes', 'Brasil', 1),
(2, 'Ochoa', 13, 'Guarda-redes', 'México', 1),
(3, 'Trigueira', 88, 'Guarda-redes', 'Portugal', 1),
(4, 'Simão', 93, 'Guarda-redes', 'Brasil', 1),
(5, 'Fernando Fonseca', 2, 'Defesa', 'Portugal', 1),
(6, 'Rafa Rodrigues', 3, 'Defesa', 'Portugal', 1),
(7, 'Nacho', 4, 'Defesa', 'Uruguai', 1),
(8, 'Teixeira', 5, 'Defesa', 'Portugal', 1),
(9, 'Roux', 6, 'Defesa', 'França', 1),
(10, 'Jaume', 15, 'Defesa', 'Espanha', 1),
(11, 'Alaba', 22, 'Defesa', 'Brasil', 1),
(12, 'Kiki', 24, 'Defesa', 'Portugal', 1),
(13, 'Eric', 27, 'Defesa', 'Luxemburgo', 1),
(14, 'Devenish', 42, 'Defesa', 'Colômbia', 1),
(15, 'Luís Silva', 7, 'Médio', 'Portugal', 1),
(16, 'Aburjania', 8, 'Médio', 'Geórgia', 1),
(17, 'Gustavo Assunção', 12, 'Médio', 'Brasil', 1),
(18, 'Piazon', 14, 'Médio', 'Brasil', 1),
(19, 'Gustavo', 23, 'Médio', 'Portugal', 1),
(20, 'Lucca', 47, 'Médio', 'Itália', 1),
(21, 'Kamate', 9, 'Avançado', 'França', 1),
(22, 'Vasco', 10, 'Avançado', 'Portugal', 1),
(23, 'Tunde', 11, 'Avançado', 'Nigéria', 1),
(24, 'Yair Mena', 16, 'Avançado', 'Colômbia', 1),
(25, 'John Mercado', 17, 'Avançado', 'Equador', 1),
(26, 'Nenê', 18, 'Avançado', 'Brasil', 1),
(27, 'Rodrigo Ribeiro', 20, 'Avançado', 'Portugal', 1),
(28, 'Djeras', 29, 'Avançado', 'Cabo Verde', 1),
(29, 'Granada', 70, 'Avançado', 'Brasil', 1),
(30, 'Carlos Daniel', 77, 'Avançado', 'Brasil', 1),
(31, 'César', 1, 'Guarda-redes', 'Brasil', 2),
(32, 'Luís Pires', 12, 'Guarda-redes', 'Brasil', 2),
(33, 'Tomé', 76, 'Guarda-redes', 'Portugal', 2),
(34, 'João Gonçalves', 99, 'Guarda-redes', 'Portugal', 2),
(35, 'Chidozie Awaziem', 5, 'Defesa', 'Niger', 2),
(36, 'Dos Santos', 11, 'Defesa', 'Portugal', 2),
(37, 'Filipe Ferreira', 20, 'Defesa', 'Portugal', 2),
(38, 'Sasso', 23, 'Defesa', 'França', 2),
(39, 'Rodrigo Abascal', 26, 'Defesa', 'Uruguai', 2),
(40, 'Gonçalo Miguel', 35, 'Defesa', 'Portugal', 2),
(41, 'Augusto', 55, 'Defesa', 'Portugal', 2),
(42, 'Bruno Onyemaechi', 70, 'Defesa', 'Nigéria', 2),
(43, 'Malheiro', 79, 'Defesa', 'Portugal', 2),
(44, 'Ibrahima', 6, 'Médio', 'Guiné', 2),
(45, 'Bruno Lourenço', 8, 'Médio', 'Portugal', 2),
(46, 'Reisinho', 10, 'Médio', 'Portugal', 2),
(47, 'Masa', 13, 'Médio', 'Japão', 2),
(48, 'Joel Silva', 16, 'Médio', 'Portugal', 2),
(49, 'Vukotic', 18, 'Médio', 'Montenegro', 2),
(50, 'Seba Perez', 24, 'Médio', 'Colômbia', 2),
(51, 'Makouta', 42, 'Médio', 'França', 2),
(52, 'Berna', 80, 'Médio', 'Portugal', 2),
(53, 'Marco', 88, 'Médio', 'Portugal', 2),
(54, 'Salvador', 7, 'Avançado', 'Portugal', 2),
(55, 'Bozeník', 9, 'Avançado', 'Eslováquia', 2),
(56, 'Martim Tavares', 59, 'Avançado', 'Portugal', 2),
(57, 'Machado', 90, 'Avançado', 'Portugal', 2),
(58, 'Sequeira', 1, 'Guarda-redes', 'Espanha', 3),
(59, 'Daniel Azevedo', 22, 'Guarda-redes', 'Portugal', 3),
(60, 'Ricardo Batista', 33, 'Guarda-redes', 'Portugal', 3),
(61, 'Rodrigo Osório', 54, 'Guarda-redes', 'Portugal', 3),
(62, 'Tchamba', 2, 'Defesa', 'Camarões', 3),
(63, 'Kluivert', 3, 'Defesa', 'Países Baixos', 3),
(64, 'João Goulart', 4, 'Defesa', 'Portugal', 3),
(65, 'Lelo', 5, 'Defesa', 'Portugal', 3),
(66, 'Fonte', 6, 'Defesa', 'Portugal', 3),
(67, 'Benaïssa', 12, 'Defesa', 'França', 3),
(68, 'Geraldes', 18, 'Defesa', 'Portugal', 3),
(69, 'Zolotic', 19, 'Defesa', 'Bósnia e Herzegovina', 3),
(70, 'Isaac', 44, 'Defesa', 'Portugal', 3),
(71, 'Afonso Vieira', 55, 'Defesa', 'Portugal', 3),
(72, 'Larrazabal', 72, 'Defesa', 'Espanha', 3),
(73, 'Telasco', 8, 'Médio', 'Venezuela', 3),
(74, 'Miguel Sousa', 14, 'Médio', 'Portugal', 3),
(75, 'Beni', 16, 'Médio', 'Angola', 3),
(76, 'Rafael Brito', 17, 'Médio', 'Portugal', 3),
(77, 'Gonçalo Lima', 56, 'Médio', 'Portugal', 3),
(78, 'Renato Nhaga', 57, 'Médio', 'Guiné-Bissau', 3),
(79, 'Pablo Roberto', 80, 'Médio', 'Brasil', 3),
(80, 'Andrian Kraev', 89, 'Médio', 'Bulgária', 3),
(81, 'Nuno Moreira', 7, 'Avançado', 'Portugal', 3),
(82, 'Svensson', 9, 'Avançado', 'Espanha', 3),
(83, 'Raul Blanco', 10, 'Avançado', 'Espanha', 3),
(84, 'Tiago Dias', 11, 'Avançado', 'Portugal', 3),
(85, 'Livolant', 29, 'Avançado', 'França', 3),
(86, 'Samu', 37, 'Avançado', 'Portugal', 3),
(87, 'Henrique Pereira', 52, 'Avançado', 'Portugal', 3),
(88, 'Miguel Neves', 58, 'Avançado', 'Portugal', 3),
(89, 'Obeng', 77, 'Avançado', 'Gana', 3),
(90, 'Cassiano', 90, 'Avançado', 'Brasil', 3),
(91, 'Claudio Mendes', 99, 'Avançado', 'Espanha', 3),
(92, 'Cesar', 37, 'Guarda-redes', 'Brasil', 4),
(93, 'Lucas França', 1, 'Guarda-redes', 'Brasil', 4),
(94, 'Rui Encarnação', 12, 'Guarda-redes', 'Portugal', 4),
(95, 'Vinicius Machado', 37, 'Guarda-redes', 'Brasil', 4),
(96, 'Afonso de Freitas', 25, 'Defesa', 'Portugal', 4),
(97, 'Francisco Gonçalves', 33, 'Defesa', 'Portugal', 4),
(98, 'Gustavo Garcia', 22, 'Defesa', 'Portugal', 4),
(99, 'João Aurélio', 2, 'Defesa', 'Portugal', 4),
(100, 'José Gomes', 5, 'Defesa', 'Portugal', 4),
(101, 'Léo Santos', 14, 'Defesa', 'Brasil', 4),
(102, 'Ulisses', 4, 'Defesa', 'Brasil', 4),
(103, 'Zé Vitor', 38, 'Defesa', 'Brasil', 4),
(104, 'André Sousa', 18, 'Médio', 'Portugal', 4),
(105, 'Bruno Costa', 8, 'Médio', 'Portugal', 4),
(106, 'C. Labidi', 10, 'Médio', 'Portugal', 4),
(107, 'D. Sequeira', 12, 'Médio', 'Portugal', 4),
(108, 'Daniel Penha', 17, 'Médio', 'Portugal', 4),
(109, 'Jota Garcês', 20, 'Médio', 'Portugal', 4),
(110, 'Luís Esteves', 10, 'Médio', 'Portugal', 4),
(111, 'Matheus Dias', 88, 'Médio', 'Portugal', 4),
(112, 'Miguel Baeza', 19, 'Médio', 'Portugal', 4),
(113, 'Sérgio Marakis', 21, 'Médio', 'Portugal', 4),
(114, 'Appiah', 70, 'Médio', 'Portugal', 4),
(115, 'Adrián Butzke', 9, 'Médio', 'Portugal', 4),
(116, 'Dudu', 99, 'Médio', 'Portugal', 4),
(117, 'Dyego Sousa', 77, 'Médio', 'Portugal', 4),
(118, 'Gabriel Santos', 23, 'Médio', 'Portugal', 4),
(119, 'N. Thomas', 11, 'Médio', 'Portugal', 4),
(120, 'Rúben Macedo', 7, 'Médio', 'Portugal', 4),
(121, 'Tiago Reis', 72, 'Médio', 'Portugal', 4),
(122, 'Kevin Chamorro', 1, 'Guarda-redes', 'Costa Rica', 5),
(123, 'Joel Robles', 27, 'Guarda-redes', 'Espanha', 5),
(124, 'Diogo Dias', 31, 'Guarda-redes', 'Portugal', 5),
(125, 'Vitorovic', 87, 'Guarda-redes', 'Sérvia', 5),
(126, 'Sierra', 3, 'Defesa', 'Espanha', 5),
(127, 'Mangala', 5, 'Defesa', 'França', 5),
(128, 'Costa', 18, 'Defesa', 'Portugal', 5),
(129, 'Wagner Pina', 20, 'Defesa', 'Portugal', 5),
(130, 'Pedro Carvalho', 22, 'Defesa', 'Portugal', 5),
(131, 'Pedro Álvaro', 23, 'Defesa', 'Portugal', 5),
(132, 'Pedro Amaral', 24, 'Defesa', 'Portugal', 5),
(133, 'Bacher', 25, 'Defesa', 'Áustria', 5),
(134, 'Boma', 44, 'Defesa', 'França', 5),
(135, 'Guilherme Magalhães', 54, 'Defesa', 'Portugal', 5),
(136, 'Tiago Parente', 55, 'Defesa', 'Portugal', 5),
(137, 'Martim', 66, 'Defesa', 'Portugal', 5),
(138, 'Volnei', 71, 'Defesa', 'Brasil', 5),
(139, 'Lanquetin', 91, 'Defesa', 'França', 5),
(140, 'Finn', 4, 'Médio', 'Países Baixos', 5),
(141, 'Jandro', 6, 'Médio', 'Espanha', 5),
(142, 'Zanocelo', 7, 'Médio', 'Brasil', 5),
(143, 'Michel', 8, 'Médio', 'Brasil', 5),
(144, 'Holsgrove', 10, 'Médio', 'Escócia', 5),
(145, 'João Carvalho', 12, 'Médio', 'Portugal', 5),
(146, 'Fran', 21, 'Médio', 'Portugal', 5),
(147, 'Foe Ondoa', 26, 'Médio', 'França', 5),
(148, 'Amadu Hashimi', 41, 'Médio', 'Gana', 5),
(149, 'Martim Watts', 50, 'Médio', 'Portugal', 5),
(150, 'Xeka', 88, 'Médio', 'Portugal', 5),
(151, 'Tiago Brito', 90, 'Médio', 'Portugal', 5),
(152, 'Herrera', 96, 'Médio', 'Colômbia', 5),
(153, 'Marqués', 9, 'Avançado', 'Espanha', 5),
(154, 'Costa', 11, 'Avançado', 'Angola', 5),
(155, 'Begraoui', 14, 'Avançado', 'França', 5),
(156, 'Fabricio', 17, 'Avançado', 'Cabo Verde', 5),
(157, 'André', 19, 'Avançado', 'Portugal', 5),
(158, 'Gaby', 36, 'Avançado', 'Portugal', 5),
(159, 'Silva-Richards', 49, 'Avançado', 'Itália', 5),
(160, 'André', 80, 'Avançado', 'Portugal', 5),
(161, 'Salazar', 92, 'Avançado', 'Espanha', 5),
(162, 'Francisco Meixedo', 1, 'Guarda-redes', 'Portugal', 6),
(163, 'Bruno Brígido', 30, 'Guarda-redes', 'Brasil', 6),
(164, 'Gudzulic', 93, 'Guarda-redes', 'Servia', 6),
(165, 'Travassos', 2, 'Defesa', 'Portugal', 6),
(166, 'Cissokho', 3, 'Defesa', 'França', 6),
(167, 'Ferro', 4, 'Defesa', 'Portugal', 6),
(168, 'Dramé', 5, 'Defesa', 'França', 6),
(169, 'Miguel Lopes', 13, 'Defesa', 'Portugal', 6),
(170, 'Mina', 20, 'Defesa', 'Colômbia', 6),
(171, 'Georgii', 23, 'Defesa', 'Rússia', 6),
(172, 'Ruben Lima', 28, 'Defesa', 'Portugal', 6),
(173, 'Tiago Gabriel', 44, 'Defesa', 'Portugal', 6),
(174, 'Diógenes', 55, 'Defesa', 'Angola', 6),
(175, 'Danilo', 77, 'Defesa', 'Portugal', 6),
(176, 'Kayk', 82, 'Defesa', 'Brasil', 6),
(177, 'Nur', 89, 'Defesa', 'Singapura', 6),
(178, 'Igor Jesus', 6, 'Médio', 'Brasil', 6),
(179, 'Daniel Cabral', 8, 'Médio', 'Brasil', 6),
(180, 'Alan Ruiz', 10, 'Médio', 'Argentina', 6),
(181, 'Paulo Moreira', 19, 'Médio', 'Portugal', 6),
(182, 'Léo Cordeiro', 22, 'Médio', 'Brasil', 6),
(183, 'Nilton', 25, 'Médio', 'Portugal', 6),
(184, 'Bucca', 26, 'Médio', 'Argentina', 6),
(185, 'Keliano', 42, 'Médio', 'Angola', 6),
(186, 'Manu', 81, 'Médio', 'Angola', 6),
(187, 'Otávio', 83, 'Médio', 'Brasil', 6),
(188, 'Gustavo', 84, 'Médio', 'Colômbia', 6),
(189, 'Alex Sola', 87, 'Médio', 'Angola', 6),
(190, 'Mamede', 88, 'Médio', 'Portugal', 6),
(191, 'André', 7, 'Avançado', 'Brasil', 6),
(192, 'Rodrigo Pinho', 9, 'Avançado', 'Brasil', 6),
(193, 'Nani', 17, 'Avançado', 'Portugal', 6),
(194, 'Eurichano', 31, 'Avançado', 'Angola', 6),
(195, 'Vitor Oliveira', 33, 'Avançado', 'Brasil', 6),
(196, 'Petterson', 37, 'Avançado', 'Brasil', 6),
(197, 'Caio', 38, 'Avançado', 'Brasil', 6),
(198, 'Male', 85, 'Avançado', 'Portugal', 6),
(199, 'Jovane', 97, 'Avançado', 'Cabo Verde', 6),
(200, 'Kikas', 98, 'Avançado', 'Portugal', 6),
(201, 'Bilal Mazhar', 99, 'Avançado', 'França', 6),
(202, 'João Valido', 1, 'Guarda-redes', 'Portugal', 7),
(203, 'Thiago', 12, 'Guarda-redes', 'Brasil', 7),
(204, 'Mantl', 58, 'Guarda-redes', 'Alemanha', 7),
(205, 'José Fontán', 3, 'Defesa', 'Espanha', 7),
(206, 'Matías Rocha', 4, 'Defesa', 'Uruguai', 7),
(207, 'Quaresma', 6, 'Defesa', 'Brasil', 7),
(208, 'Popovic', 13, 'Defesa', 'França', 7),
(209, 'Weverson', 26, 'Defesa', 'Brasil', 7),
(210, 'Dante', 27, 'Defesa', 'Mali', 7),
(211, 'Tiago Esgaio', 28, 'Defesa', 'Portugal', 7),
(212, 'Galovic', 44, 'Defesa', 'Croácia', 7),
(213, 'Chico', 73, 'Defesa', 'Portugal', 7),
(214, 'Alex Pinto', 78, 'Defesa', 'Portugal', 7),
(215, 'Morlaye Sylla', 2, 'Médio', 'Guiné', 7),
(216, 'David Simão', 5, 'Médio', 'Portugal', 7),
(217, 'Eboue K.', 8, 'Médio', 'Costa do Marfim', 7),
(218, 'Oriol Busquets', 14, 'Médio', 'Espanha', 7),
(219, 'Pedro Moreira', 20, 'Médio', 'Portugal', 7),
(220, 'Fukui', 21, 'Médio', 'Japão', 7),
(221, 'Gozálbez', 22, 'Médio', 'Espanha', 7),
(222, 'Loum', 31, 'Médio', 'Senegal', 7),
(223, 'Pedro Santos', 89, 'Médio', 'Portugal', 7),
(224, 'Ivo', 7, 'Avançado', 'Portugal', 7),
(225, 'Marozau', 9, 'Avançado', 'Bielorrússia', 7),
(226, 'Jason', 10, 'Avançado', 'Espanha', 7),
(227, 'Puche', 11, 'Avançado', 'Espanha', 7),
(228, 'Trezza', 19, 'Avançado', 'Itália', 7),
(229, 'Henrique Araújo', 39, 'Avançado', 'Portugal', 7),
(230, 'Güven Yalçin', 50, 'Avançado', 'Alemanha', 7),
(231, 'Zlobin', 1, 'Guarda-redes', 'Rússia', 8),
(232, 'Gabriel Cabral', 22, 'Guarda-redes', 'Brasil', 8),
(233, 'Carevic', 25, 'Guarda-redes', 'Montenegro', 8),
(234, 'Hugo Cunha', 90, 'Guarda-redes', 'Portugal', 8),
(235, 'Calegari', 2, 'Defesa', 'Brasil', 8),
(236, 'Leo Realpe', 3, 'Defesa', 'Equador', 8),
(237, 'Mihaj', 4, 'Defesa', 'Albânia', 8),
(238, 'Rafa Soares', 5, 'Defesa', 'Portugal', 8),
(239, 'Riccieli', 15, 'Defesa', 'Brasil', 8),
(240, 'de Haas', 16, 'Defesa', 'Países Baixos', 8),
(241, 'Rodrigo Pinheiro', 17, 'Defesa', 'Portugal', 8),
(242, 'Ian Custódio', 50, 'Defesa', 'Brasil', 8),
(243, 'Duarte Oliveira', 52, 'Defesa', 'Portugal', 8),
(244, 'Ba', 55, 'Defesa', 'Senegal', 8),
(245, 'Muller', 62, 'Defesa', 'Portugal', 8),
(246, 'Diogo Costa', 75, 'Defesa', 'Portugal', 8),
(247, 'van de Looi', 6, 'Médio', 'Países Baixos', 8),
(248, 'Topic', 8, 'Médio', 'Sérvia', 8),
(249, 'de Amorim', 14, 'Médio', 'França', 8),
(250, 'Liimatta', 18, 'Médio', 'Finlândia', 8),
(251, 'Gustavo Sá', 20, 'Médio', 'Portugal', 8),
(252, 'Zaydou Youssouf', 28, 'Médio', 'França', 8),
(253, 'Rodrigo Ribeiro', 68, 'Médio', 'Portugal', 8),
(254, 'Martim Almeida', 70, 'Médio', 'Portugal', 8),
(255, 'Samuel Lobato', 88, 'Médio', 'Portugal', 8),
(256, 'Sorriso', 7, 'Avançado', 'Brasil', 8),
(257, 'Mario Gonzalez', 9, 'Avançado', 'Espanha', 8),
(258, 'Rochinha', 10, 'Avançado', 'Portugal', 8),
(259, 'Aranda', 11, 'Avançado', 'Espanha', 8),
(260, 'Afonso Rodrigues', 19, 'Avançado', 'Portugal', 8),
(261, 'Zabiri', 21, 'Avançado', 'Marrocos', 8),
(262, 'Gil Dias', 23, 'Avançado', 'Portugal', 8),
(263, 'Henry', 57, 'Avançado', 'Brasil', 8),
(264, 'Pedro Paulo', 59, 'Avançado', 'Brasil', 8),
(265, 'Diogo Cabral', 71, 'Avançado', 'Portugal', 8),
(266, 'Leonardo', 85, 'Avançado', 'Portugal', 8),
(267, 'Rúdi Almeida', 91, 'Avançado', 'Portugal', 8),
(268, 'Cláudio Ramos', 14, 'Guarda-redes', 'Portugal', 9),
(269, 'Diogo Fernandes', 51, 'Guarda-redes', 'Portugal', 9),
(270, 'Denis', 61, 'Guarda-redes', 'Portugal', 9),
(271, 'Nico Damaso', 71, 'Guarda-redes', 'Portugal', 9),
(272, 'Martim Pereira', 81, 'Guarda-redes', 'Portugal', 9),
(273, 'Samuel Portugal', 94, 'Guarda-redes', 'Brasil', 9),
(274, 'Diogo Costa', 99, 'Guarda-redes', 'Portugal', 9),
(275, 'Tiago Djaló', 3, 'Defesa', 'Guiné-Bissau', 9),
(276, 'Otavio', 4, 'Defesa', 'Brasil', 9),
(277, 'Marcano', 5, 'Defesa', 'Espanha', 9),
(278, 'Zaidu', 12, 'Defesa', 'Nigéria', 9),
(279, 'Wendell', 18, 'Defesa', 'Brasil', 9),
(280, 'João Mário', 23, 'Defesa', 'Portugal', 9),
(281, 'Nehuen', 24, 'Defesa', 'Argentina', 9),
(282, 'Felipe Silva', 44, 'Defesa', 'Brasil', 9),
(283, 'Eric Pimentel', 53, 'Defesa', 'Brasil', 9),
(284, 'António Ribeiro', 54, 'Defesa', 'Portugal', 9),
(285, 'Luis Gomes', 64, 'Defesa', 'Portugal', 9),
(286, 'Cassamá', 66, 'Defesa', 'Guiné-Bissau', 9),
(287, 'Moura', 74, 'Defesa', 'Portugal', 9),
(288, 'Dinis Rodrigues', 76, 'Defesa', 'Portugal', 9),
(289, 'Kaio Henrique', 80, 'Defesa', 'Brasil', 9),
(290, 'Martim Cunha', 84, 'Defesa', 'Portugal', 9),
(291, 'Filipe Sousa', 96, 'Defesa', 'Portugal', 9),
(292, 'Castro', 2, 'Médio', 'Portugal', 9),
(293, 'Eustaquio', 6, 'Médio', 'Portugal', 9),
(294, 'Marko Grujic', 8, 'Médio', 'Servia', 9),
(295, 'Fábio Vieira', 10, 'Médio', 'Portugal', 9),
(296, 'Pepê', 11, 'Médio', 'Brasil', 9),
(297, 'Nico', 16, 'Médio', 'Espanha', 9),
(298, 'Iván Jaime', 17, 'Médio', 'Espanha', 9),
(299, 'André Franco', 20, 'Médio', 'Portugal', 9),
(300, 'Varela', 22, 'Médio', 'Argentina', 9),
(301, 'André Oliveira', 68, 'Médio', 'Portugal', 9),
(302, 'Rodrigo Mora', 86, 'Médio', 'Portugal', 9),
(303, 'Domingos Andrade', 88, 'Médio', 'Angola', 9),
(304, 'Gil Martins', 90, 'Médio', 'Portugal', 9),
(305, 'João Teixeira', 92, 'Médio', 'Portugal', 9),
(306, 'Samu Aghehowa', 9, 'Avançado', 'Espanha', 9),
(307, 'Fran Navarro', 21, 'Avançado', 'Espanha', 9),
(308, 'Gül', 27, 'Avançado', 'Suécia', 9),
(309, 'Angel Alarcón', 47, 'Avançado', 'Espanha', 9),
(310, 'Gonçalo Sousa', 49, 'Avançado', 'Portugal', 9),
(311, 'Tiago Andrade', 59, 'Avançado', 'Portugal', 9),
(312, 'Afonso Leite', 79, 'Avançado', 'Portugal', 9),
(313, 'Alfa Baldé', 82, 'Avançado', 'Portugal', 9),
(314, 'Mateo Caicedo', 87, 'Avançado', 'Colômbia', 9),
(315, 'Mota', 89, 'Avançado', 'Portugal', 9),
(316, 'Candé', 95, 'Avançado', 'Portugal', 9),
(317, 'Marcus', 98, 'Avançado', 'Nigéria', 9),
(318, 'Picornell', 40, 'Guarda-redes', 'Espanha', 10),
(319, 'Andrew', 42, 'Guarda-redes', 'Brasil', 10),
(320, 'Gordic', 51, 'Guarda-redes', 'Servia', 10),
(321, 'Brian', 99, 'Guarda-redes', 'Portugal', 10),
(322, 'Zé Carlos', 2, 'Defesa', 'Portugal', 10),
(323, 'Marcos Fernández', 3, 'Defesa', 'Espanha', 10),
(324, 'Marvin', 4, 'Defesa', 'França', 10),
(325, 'Carlos Ventura', 14, 'Defesa', 'Brasil', 10),
(326, 'Josué', 23, 'Defesa', 'Portugal', 10),
(327, 'Rúben Fernandes', 26, 'Defesa', 'Portugal', 10),
(328, 'Buatu', 39, 'Defesa', 'Bélgica', 10),
(329, 'Mutombo', 45, 'Defesa', 'França', 10),
(330, 'Da Cruz', 57, 'Defesa', 'Portugal', 10),
(331, 'Kazu', 88, 'Defesa', 'Brasil', 10),
(332, 'Caseres', 5, 'Médio', 'Argentina', 10),
(333, 'Castillo', 6, 'Médio', 'Peru', 10),
(334, 'Fujimoto', 10, 'Médio', 'Japão', 10),
(335, 'Yaya', 15, 'Médio', 'África do Sul', 10),
(336, 'Gui Beleza', 16, 'Médio', 'Portugal', 10),
(337, 'João Teixeira', 18, 'Médio', 'Portugal', 10),
(338, 'Santi', 19, 'Médio', 'Espanha', 10),
(339, 'Mory Gbane', 24, 'Médio', 'Costa do Marfim', 10),
(340, 'Tidjany Touré', 7, 'Avançado', 'França', 10),
(341, 'Aguirre', 9, 'Avançado', 'Espanha', 10),
(342, 'Diego Collado', 11, 'Avançado', 'Espanha', 10),
(343, 'João Pinto', 13, 'Avançado', 'Portugal', 10),
(344, 'Peixinho', 17, 'Avançado', 'Portugal', 10),
(345, 'Cauê', 20, 'Avançado', 'Brasil', 10),
(346, 'Félix', 71, 'Avançado', 'Portugal', 10),
(347, 'Mboula', 77, 'Avançado', 'Espanha', 10),
(348, 'Pablo', 90, 'Avançado', 'Portugal', 10),
(349, 'Jucelio', 97, 'Avançado', 'Brasil', 10),
(350, 'Mika', 16, 'Guarda-redes', 'Suiça', 11),
(351, 'Caio Secco', 22, 'Guarda-redes', 'Brasil', 11),
(352, 'Kewin Silva', 40, 'Guarda-redes', 'Brasil', 11),
(353, 'Fabiano', 2, 'Defesa', 'Brasil', 11),
(354, 'Ponck', 14, 'Defesa', 'Cabo Verde', 11),
(355, 'Buta', 15, 'Defesa', 'Portugal', 11),
(356, 'Frimpong', 23, 'Defesa', 'Países Baixos', 11),
(357, 'Maracás', 26, 'Defesa', 'Brasil', 11),
(358, 'Marcelo', 44, 'Defesa', 'Brasil', 11),
(359, 'Gilberto Batista', 66, 'Defesa', 'Portugal', 11),
(360, 'Dinis', 76, 'Defesa', 'Portugal', 11),
(361, 'Sidnei', 5, 'Médio', 'Portugal', 11),
(362, 'Ismael', 6, 'Médio', 'Portugal', 11),
(363, 'Alan', 11, 'Médio', 'Brasil', 11),
(364, 'Benny', 20, 'Médio', 'Portugal', 11),
(365, 'Guilherme Liberato', 28, 'Médio', 'Brasil', 11),
(366, 'Lawrence Ofori', 80, 'Médio', 'Gana', 11),
(367, 'Hernani', 7, 'Avançado', 'Portugal', 11),
(368, 'Nlavo Asué', 9, 'Avançado', 'Guiné Equatorial', 11),
(369, 'Antonisse', 10, 'Avançado', 'Países Baixos', 11),
(370, 'Pedro Santos', 21, 'Avançado', 'Portugal', 11),
(371, 'Madson Monteiro', 31, 'Avançado', 'Brasil', 11),
(372, 'Gabrielzinho', 77, 'Avançado', 'Brasil', 11),
(373, 'Guilherme Schettine', 95, 'Avançado', 'Brasil', 11),
(374, 'Miszta', 1, 'Guarda-redes', 'Polónia', 12),
(375, 'Jhonatan', 18, 'Guarda-redes', 'Brasil', 12),
(376, 'Sauri', 55, 'Guarda-redes', 'Geórgia', 12),
(377, 'Radojicic', 89, 'Guarda-redes', 'Servia', 12),
(378, 'Sina', 99, 'Guarda-redes', 'Grécia', 12),
(379, 'Panzo', 2, 'Defesa', 'Grã-Bretanha e Irlanda do Norte', 12),
(380, 'Patrick William', 4, 'Defesa', 'Brasil', 12),
(381, 'Okkas', 5, 'Defesa', 'Chipre', 12),
(382, 'João Tomé', 20, 'Defesa', 'Portugal', 12),
(383, 'Petrasso', 23, 'Defesa', 'Argentina', 12),
(384, 'Santos', 33, 'Defesa', 'Brasil', 12),
(385, 'Renato Pantalon', 42, 'Defesa', 'Croácia', 12),
(386, 'João Muniz', 43, 'Defesa', 'Portugal', 12),
(387, 'Kostoulas', 82, 'Defesa', 'Grécia', 12),
(388, 'Jorge Karse', 93, 'Defesa', 'Portugal', 12),
(389, 'Omar Richards', 98, 'Defesa', 'Grã-Bretanha e Irlanda do Norte', 12),
(390, 'João Novais', 6, 'Médio', 'Portugal', 12),
(391, 'Vitor Gomes', 8, 'Médio', 'Portugal', 12),
(392, 'Amine', 10, 'Médio', 'França', 12),
(393, 'Aguilera', 16, 'Médio', 'Costa Rica', 12),
(394, 'Vrousai', 17, 'Médio', 'Grécia', 12),
(395, 'João Graça', 21, 'Médio', 'Portugal', 12),
(396, 'Tiknaz', 34, 'Médio', 'Turquia', 12),
(397, 'Martim Neto', 76, 'Médio', 'Portugal', 12),
(398, 'Olinho', 80, 'Médio', 'Alemanha', 12),
(399, 'Valentim', 94, 'Médio', 'Portugal', 12),
(400, 'Clayton', 9, 'Avançado', 'Brasil', 12),
(401, 'Morais', 11, 'Avançado', 'Portugal', 12),
(402, 'Zoabi', 14, 'Avançado', 'Israel', 12),
(403, 'Chukwudi', 15, 'Avançado', 'Nigéria', 12),
(404, 'Kiko', 19, 'Avançado', 'Portugal', 12),
(405, 'Hassan', 22, 'Avançado', 'Egipto', 12),
(406, 'Medina', 27, 'Avançado', 'Argentina', 12),
(407, 'Fábio Ronaldo', 77, 'Avançado', 'Portugal', 12),
(408, 'Néneca', 12, 'Guarda-redes', 'Brasil', 13),
(409, 'Denivys', 31, 'Guarda-redes', 'Brasil', 13),
(410, 'Andres Mehring', 94, 'Guarda-redes', 'Argentina', 13),
(411, 'Diogo Calila', 2, 'Defesa', 'Portugal', 13),
(412, 'Pedro Pacheco', 4, 'Defesa', 'Portugal', 13),
(413, 'Frederico Venâncio', 21, 'Defesa', 'Portugal', 13),
(414, 'Gui Ramos', 27, 'Defesa', 'Portugal', 13),
(415, 'Habraão', 28, 'Defesa', 'Brasil', 13),
(416, 'Benny', 51, 'Defesa', 'Portugal', 13),
(417, 'Luis Eduardo', 58, 'Defesa', 'Brasil', 13),
(418, 'Eduardho Marcante', 62, 'Defesa', 'Brasil', 13),
(419, 'Kaua', 66, 'Defesa', 'Brasil', 13),
(420, 'Matheus', 68, 'Defesa', 'Brasil', 13),
(421, 'Maycon Douglas', 84, 'Defesa', 'Brasil', 13),
(422, 'Adriano', 6, 'Médio', 'Brasil', 13),
(423, 'Ayrton', 54, 'Médio', 'Portugal', 13),
(424, 'José Tavares', 65, 'Médio', 'Cabo Verde', 13),
(425, 'Alejandro', 74, 'Médio', 'Brasil', 13),
(426, 'Klismahn', 77, 'Médio', 'Brasil', 13),
(427, 'Gonçalo Antunes', 79, 'Médio', 'Portugal', 13),
(428, 'Caio Ribas', 81, 'Médio', 'Brasil', 13),
(429, 'Tiago Otávio', 85, 'Médio', 'Portugal', 13),
(430, 'Leonardo Ponte', 87, 'Médio', 'Portugal', 13),
(431, 'Martim Madeira', 95, 'Médio', 'Portugal', 13),
(432, 'André Cunha', 96, 'Médio', 'Portugal', 13),
(433, 'Jader', 33, 'Avançado', 'Brasil', 13),
(434, 'Melvin', 69, 'Avançado', 'Portugal', 13),
(435, 'Gustavo Veiga', 73, 'Avançado', 'Brasil', 13),
(436, 'Cristian Silva', 86, 'Avançado', 'Brasil', 13),
(437, 'Ewandro', 88, 'Avançado', 'Brasil', 13),
(438, 'Martim Fortes', 90, 'Avançado', 'Portugal', 13),
(439, 'Matheus', 1, 'Guarda-redes', 'Brasil', 14),
(440, 'Tiago Sá', 12, 'Guarda-redes', 'Portugal', 14),
(441, 'Gonçalo Dias', 66, 'Guarda-redes', 'Portugal', 14),
(442, 'João Carvalho', 78, 'Guarda-redes', 'Portugal', 14),
(443, 'Tai', 84, 'Guarda-redes', 'Eslovénia', 14),
(444, 'Lukas Hornicek', 91, 'Guarda-redes', 'República Checa', 14),
(445, 'Gonçalo Luís', 98, 'Guarda-redes', 'Portugal', 14),
(446, 'Victor Gomez', 2, 'Defesa', 'Espanha', 14),
(447, 'Bambu', 3, 'Defesa', 'Brasil', 14),
(448, 'Niakaté', 4, 'Defesa', 'França', 14),
(449, 'João Ferreira', 13, 'Defesa', 'Portugal', 14),
(450, 'Paulo Oliveira', 15, 'Defesa', 'Portugal', 14),
(451, 'Adrián Marín', 19, 'Defesa', 'Espanha', 14),
(452, 'Yuri Ribeiro', 25, 'Defesa', 'Portugal', 14),
(453, 'Arrey-Mbi', 26, 'Defesa', 'Alemanha', 14),
(454, 'João Matos', 40, 'Defesa', 'Brasil', 14),
(455, 'Mário', 46, 'Defesa', 'Guiné-Bissau', 14),
(456, 'Fonseca', 47, 'Defesa', 'Portugal', 14),
(457, 'S. Diatara', 48, 'Defesa', 'Senegal', 14),
(458, 'Samu', 51, 'Defesa', 'Portugal', 14),
(459, 'Jónatas', 53, 'Defesa', 'Portugal', 14),
(460, 'Tomas', 55, 'Defesa', 'Eslovénia', 14),
(461, 'André Horta', 5, 'Médio', 'Portugal', 14),
(462, 'Rafael Ferreira', 8, 'Médio', 'Portugal', 14),
(463, 'Uros Racic', 9, 'Médio', 'Sérvia', 14),
(464, 'Miguel Ozdogan', 11, 'Médio', 'Turquia', 14),
(465, 'Hugo Bayo', 16, 'Médio', 'Argentina', 14),
(466, 'Pedro Dias', 18, 'Médio', 'Portugal', 14),
(467, 'Gustavo Viera', 20, 'Médio', 'Uruguai', 14),
(468, 'Tinha', 23, 'Médio', 'Portugal', 14),
(469, 'Toni Martinez', 24, 'Médio', 'Espanha', 14),
(470, 'Bruno Rodrigues', 27, 'Médio', 'Portugal', 14),
(471, 'Togoruk', 34, 'Médio', 'Camarões', 14),
(472, 'Victor Costa', 36, 'Médio', 'Brasil', 14),
(473, 'Neno', 39, 'Médio', 'Cabo Verde', 14),
(474, 'Ricardo Horta', 7, 'Avançado', 'Portugal', 14),
(475, 'Alvaro Djaló', 10, 'Avançado', 'Guiné', 14),
(476, 'Rodrigo Pinho', 14, 'Avançado', 'Brasil', 14),
(477, 'Trindade', 17, 'Avançado', 'Portugal', 14),
(478, 'Jovan', 30, 'Avançado', 'Sérvia', 14),
(479, 'Kiko', 35, 'Avançado', 'Portugal', 14),
(480, 'Isaias', 41, 'Avançado', 'Angola', 14),
(481, 'Kaique', 1, 'Guarda-redes', 'Brasil', 15),
(482, 'Miguel Carvaho', 22, 'Guarda-redes', 'Portugal', 15),
(483, 'Cañizares', 23, 'Guarda-redes', 'Espanha', 15),
(484, 'Ricardo Velho', 33, 'Guarda-redes', 'Portugal', 15),
(485, 'Kauan', 47, 'Guarda-redes', 'Brasil', 15),
(486, 'PV', 2, 'Defesa', 'Brasil', 15),
(487, 'Marco Moreno', 3, 'Defesa', 'Espanha', 15),
(488, 'Artur Jorge', 4, 'Defesa', 'Portugal', 15),
(489, 'Talys', 12, 'Defesa', 'Brasil', 15),
(490, 'Pastor', 28, 'Defesa', 'Brasil', 15),
(491, 'Agrella', 30, 'Defesa', 'Portugal', 15),
(492, 'Poloni', 31, 'Defesa', 'Brasil', 15),
(493, 'Raúl Silva', 34, 'Defesa', 'Brasil', 15),
(494, 'Lucas Áfrico', 44, 'Defesa', 'Brasil', 15),
(495, 'Rui Santos', 54, 'Defesa', 'Portugal', 15),
(496, 'Rivaldo', 70, 'Defesa', 'Portugal', 15),
(497, 'Neto', 6, 'Médio', 'Brasil', 15),
(498, 'Rafael Barbosa', 8, 'Médio', 'Portugal', 15),
(499, 'John Velasquez', 10, 'Médio', 'Colômbia', 15),
(500, 'Gio', 16, 'Médio', 'Portugal', 15),
(501, 'Filipe Soares', 21, 'Médio', 'Portugal', 15),
(502, 'Cláudio Falcão', 29, 'Médio', 'Brasil', 15),
(503, 'Busatori', 40, 'Médio', 'Portugal', 15),
(504, 'Bruno Pires', 42, 'Médio', 'Portugal', 15),
(505, 'Dário', 43, 'Médio', 'Portugal', 15),
(506, 'Seruca', 50, 'Médio', 'Portugal', 15),
(507, 'Rafael Teixeira', 88, 'Médio', 'Portugal', 15),
(508, 'Menino', 93, 'Médio', 'Portugal', 15),
(509, 'Elves Baldé', 7, 'Avançado', 'Guiné-Bissau', 15),
(510, 'Tomané', 9, 'Avançado', 'Portugal', 15),
(511, 'Alex Bermejo', 11, 'Avançado', 'Espanha', 15),
(512, 'Dario', 14, 'Avançado', 'Espanha', 15),
(513, 'Cuba', 17, 'Avançado', 'Portugal', 15),
(514, 'Millán', 19, 'Avançado', 'Espanha', 15),
(515, 'Tiago Madeira', 20, 'Avançado', 'Portugal', 15),
(516, 'Candeias', 41, 'Avançado', 'Portugal', 15),
(517, 'Jaime', 71, 'Avançado', 'Portugal', 15),
(518, 'Marco Matias', 77, 'Avançado', 'Portugal', 15),
(519, 'Merghem', 79, 'Avançado', 'França', 15),
(520, 'Kaique', 1, 'Guarda-redes', 'Brasil', 15),
(521, 'Miguel Carvaho', 22, 'Guarda-redes', 'Portugal', 15),
(522, 'Cañizares', 23, 'Guarda-redes', 'Espanha', 15),
(523, 'Ricardo Velho', 33, 'Guarda-redes', 'Portugal', 15),
(524, 'Kauan', 47, 'Guarda-redes', 'Brasil', 15),
(525, 'PV', 2, 'Defesa', 'Brasil', 15),
(526, 'Marco Moreno', 3, 'Defesa', 'Espanha', 15),
(527, 'Artur Jorge', 4, 'Defesa', 'Portugal', 15),
(528, 'Talys', 12, 'Defesa', 'Brasil', 15),
(529, 'Pastor', 28, 'Defesa', 'Brasil', 15),
(530, 'Agrella', 30, 'Defesa', 'Portugal', 15),
(531, 'Poloni', 31, 'Defesa', 'Brasil', 15),
(532, 'Raúl Silva', 34, 'Defesa', 'Brasil', 15),
(533, 'Lucas Áfrico', 44, 'Defesa', 'Brasil', 15),
(534, 'Rui Santos', 54, 'Defesa', 'Portugal', 15),
(535, 'Rivaldo', 70, 'Defesa', 'Portugal', 15),
(536, 'Neto', 6, 'Médio', 'Brasil', 15),
(537, 'Rafael Barbosa', 8, 'Médio', 'Portugal', 15),
(538, 'John Velasquez', 10, 'Médio', 'Colômbia', 15),
(539, 'Gio', 16, 'Médio', 'Portugal', 15),
(540, 'Filipe Soares', 21, 'Médio', 'Portugal', 15),
(541, 'Cláudio Falcão', 29, 'Médio', 'Brasil', 15),
(542, 'Busatori', 40, 'Médio', 'Portugal', 15),
(543, 'Bruno Pires', 42, 'Médio', 'Portugal', 15),
(544, 'Dário', 43, 'Médio', 'Portugal', 15),
(545, 'Seruca', 50, 'Médio', 'Portugal', 15),
(546, 'Rafael Teixeira', 88, 'Médio', 'Portugal', 15),
(547, 'Menino', 93, 'Médio', 'Portugal', 15),
(548, 'Elves Baldé', 7, 'Avançado', 'Guiné-Bissau', 15),
(549, 'Tomané', 9, 'Avançado', 'Portugal', 15),
(550, 'Alex Bermejo', 11, 'Avançado', 'Espanha', 15),
(551, 'Dario', 14, 'Avançado', 'Espanha', 15),
(552, 'Cuba', 17, 'Avançado', 'Portugal', 15),
(553, 'Millán', 19, 'Avançado', 'Espanha', 15),
(554, 'Tiago Madeira', 20, 'Avançado', 'Portugal', 15),
(555, 'Candeias', 41, 'Avançado', 'Portugal', 15),
(556, 'Jaime', 71, 'Avançado', 'Portugal', 15),
(557, 'Marco Matias', 77, 'Avançado', 'Portugal', 15),
(558, 'Merghem', 79, 'Avançado', 'França', 15),
(559, 'Trubin', 1, 'Guarda-redes', 'Ucrânia', 16),
(560, 'Samuel Soares', 24, 'Guarda-redes', 'Portugal', 16),
(561, 'Diogo Ferreira', 50, 'Guarda-redes', 'Portugal', 16),
(562, 'Voitinovicius', 51, 'Guarda-redes', 'Lituânia', 16),
(563, 'Velickovic', 93, 'Guarda-redes', 'Servia', 16),
(564, 'Ricardo Ribeiro', 98, 'Guarda-redes', 'Portugal', 16),
(565, 'Álvaro Carreras', 3, 'Defesa', 'Espanha', 16),
(566, 'António Silva', 4, 'Defesa', 'Portugal', 16),
(567, 'Bah', 6, 'Defesa', 'Dinamarca', 16),
(568, 'Kaboré', 28, 'Defesa', 'Burkina Faso', 16),
(569, 'Otamendi', 30, 'Defesa', 'Argentina', 16),
(570, 'Beste', 37, 'Defesa', 'Alemanha', 16),
(571, 'Tomás Araújo', 44, 'Defesa', 'Portugal', 16),
(572, 'João Capucho', 52, 'Defesa', 'Portugal', 16),
(573, 'João Fonseca', 55, 'Defesa', 'Portugal', 16),
(574, 'Rui Silva', 58, 'Defesa', 'Portugal', 16),
(575, 'Leandro Martins', 59, 'Defesa', 'Portugal', 16),
(576, 'Lacroix', 62, 'Defesa', 'França', 16),
(577, 'Guilherme Gaspar', 63, 'Defesa', 'Portugal', 16),
(578, 'Gonçalo Oliveira', 64, 'Defesa', 'Portugal', 16),
(579, 'Joshua Wynder', 66, 'Defesa', 'Estados Unidos da América', 16),
(580, 'Ndembi', 69, 'Defesa', 'Bélgica', 16),
(581, 'Leandro', 71, 'Defesa', 'Portugal', 16),
(582, 'Gustavo Marques', 76, 'Defesa', 'Brasil', 16),
(583, 'Francisco Domingues', 78, 'Defesa', 'Portugal', 16),
(584, 'Parente', 91, 'Defesa', 'Portugal', 16),
(585, 'Guilherme Peixoto', 96, 'Defesa', 'Portugal', 16),
(586, 'Aursnes', 8, 'Médio', 'Noruega', 16),
(587, 'Kökcü', 10, 'Médio', 'Países Baixos', 16),
(588, 'Barreiro', 18, 'Médio', 'Luxemburgo', 16),
(589, 'Meïte', 23, 'Médio', 'França', 16),
(590, 'Martim Ferreira', 56, 'Médio', 'Portugal', 16),
(591, 'Florentino', 61, 'Médio', 'Portugal', 16),
(592, 'André Gomes', 65, 'Médio', 'Portugal', 16),
(593, 'João Veloso', 68, 'Médio', 'Portugal', 16),
(594, 'Paul Okon', 72, 'Médio', 'Itália', 16),
(595, 'Rafael Luís', 83, 'Médio', 'Portugal', 16),
(596, 'Renato Sanches', 85, 'Médio', 'Portugal', 16),
(597, 'Diogo Prioste', 86, 'Médio', 'Portugal', 16),
(598, 'Tiago Freitas', 88, 'Médio', 'Portugal', 16),
(599, 'Tomás Cruz', 95, 'Médio', 'Portugal', 16),
(600, 'Amdouni', 7, 'Avançado', 'Suíça', 16),
(601, 'Arthur Cabral', 9, 'Avançado', 'Brasil', 16),
(602, 'Di María', 11, 'Avançado', 'Argentina', 16),
(603, 'Pavlidis', 14, 'Avançado', 'Grécia', 16),
(604, 'Akturkoglu', 17, 'Avançado', 'Turquia', 16),
(605, 'Schjelderup', 21, 'Avançado', 'Noruega', 16),
(606, 'Prestianni', 25, 'Avançado', 'Argentina', 16),
(607, 'Rollheiser', 32, 'Avançado', 'Argentina', 16),
(608, 'Tiago Gouveia', 47, 'Avançado', 'Portugal', 16),
(609, 'Jelani', 53, 'Avançado', 'Bélgica', 16),
(610, 'Bernardes', 54, 'Avançado', 'Portugal', 16),
(611, 'Gonçalo Moreira', 57, 'Avançado', 'Portugal', 16),
(612, 'Rêgo', 67, 'Avançado', 'Portugal', 16),
(613, 'Beni', 73, 'Avançado', 'França', 16),
(614, 'Olívio Tomé', 74, 'Avançado', 'Portugal', 16),
(615, 'Mustmaa', 80, 'Avançado', 'Estónia', 16),
(616, 'João Rego', 84, 'Avançado', 'Portugal', 16),
(617, 'Varela', 89, 'Avançado', 'Portugal', 16),
(618, 'Ivan Lima', 90, 'Avançado', 'Portugal', 16),
(619, 'Eduardo Fernandes', 94, 'Avançado', 'Portugal', 16),
(620, 'Melro', 97, 'Avançado', 'Portugal', 16),
(621, 'Luan Farias', 99, 'Avançado', 'Brasil', 16),
(622, 'Trubin', 1, 'Guarda-redes', 'Ucrânia', 16),
(623, 'Samuel Soares', 24, 'Guarda-redes', 'Portugal', 16),
(624, 'Diogo Ferreira', 50, 'Guarda-redes', 'Portugal', 16),
(625, 'Voitinovicius', 51, 'Guarda-redes', 'Lituânia', 16),
(626, 'Velickovic', 93, 'Guarda-redes', 'Servia', 16),
(627, 'Ricardo Ribeiro', 98, 'Guarda-redes', 'Portugal', 16),
(628, 'Álvaro Carreras', 3, 'Defesa', 'Espanha', 16),
(629, 'António Silva', 4, 'Defesa', 'Portugal', 16),
(630, 'Bah', 6, 'Defesa', 'Dinamarca', 16),
(631, 'Kaboré', 28, 'Defesa', 'Burkina Faso', 16),
(632, 'Otamendi', 30, 'Defesa', 'Argentina', 16),
(633, 'Beste', 37, 'Defesa', 'Alemanha', 16),
(634, 'Tomás Araújo', 44, 'Defesa', 'Portugal', 16),
(635, 'João Capucho', 52, 'Defesa', 'Portugal', 16),
(636, 'João Fonseca', 55, 'Defesa', 'Portugal', 16),
(637, 'Rui Silva', 58, 'Defesa', 'Portugal', 16),
(638, 'Leandro Martins', 59, 'Defesa', 'Portugal', 16),
(639, 'Lacroix', 62, 'Defesa', 'França', 16),
(640, 'Guilherme Gaspar', 63, 'Defesa', 'Portugal', 16),
(641, 'Gonçalo Oliveira', 64, 'Defesa', 'Portugal', 16),
(642, 'Joshua Wynder', 66, 'Defesa', 'Estados Unidos da América', 16),
(643, 'Ndembi', 69, 'Defesa', 'Bélgica', 16),
(644, 'Leandro', 71, 'Defesa', 'Portugal', 16),
(645, 'Gustavo Marques', 76, 'Defesa', 'Brasil', 16),
(646, 'Francisco Domingues', 78, 'Defesa', 'Portugal', 16),
(647, 'Parente', 91, 'Defesa', 'Portugal', 16),
(648, 'Guilherme Peixoto', 96, 'Defesa', 'Portugal', 16),
(649, 'Aursnes', 8, 'Médio', 'Noruega', 16),
(650, 'Kökcü', 10, 'Médio', 'Países Baixos', 16),
(651, 'Barreiro', 18, 'Médio', 'Luxemburgo', 16),
(652, 'Meïte', 23, 'Médio', 'França', 16),
(653, 'Martim Ferreira', 56, 'Médio', 'Portugal', 16),
(654, 'Florentino', 61, 'Médio', 'Portugal', 16),
(655, 'André Gomes', 65, 'Médio', 'Portugal', 16),
(656, 'João Veloso', 68, 'Médio', 'Portugal', 16),
(657, 'Paul Okon', 72, 'Médio', 'Itália', 16),
(658, 'Rafael Luís', 83, 'Médio', 'Portugal', 16),
(659, 'Renato Sanches', 85, 'Médio', 'Portugal', 16),
(660, 'Diogo Prioste', 86, 'Médio', 'Portugal', 16),
(661, 'Tiago Freitas', 88, 'Médio', 'Portugal', 16),
(662, 'Tomás Cruz', 95, 'Médio', 'Portugal', 16),
(663, 'Amdouni', 7, 'Avançado', 'Suíça', 16),
(664, 'Arthur Cabral', 9, 'Avançado', 'Brasil', 16),
(665, 'Di María', 11, 'Avançado', 'Argentina', 16),
(666, 'Pavlidis', 14, 'Avançado', 'Grécia', 16),
(667, 'Akturkoglu', 17, 'Avançado', 'Turquia', 16),
(668, 'Schjelderup', 21, 'Avançado', 'Noruega', 16),
(669, 'Prestianni', 25, 'Avançado', 'Argentina', 16),
(670, 'Rollheiser', 32, 'Avançado', 'Argentina', 16),
(671, 'Tiago Gouveia', 47, 'Avançado', 'Portugal', 16),
(672, 'Jelani', 53, 'Avançado', 'Bélgica', 16),
(673, 'Bernardes', 54, 'Avançado', 'Portugal', 16),
(674, 'Gonçalo Moreira', 57, 'Avançado', 'Portugal', 16),
(675, 'Rêgo', 67, 'Avançado', 'Portugal', 16),
(676, 'Beni', 73, 'Avançado', 'França', 16),
(677, 'Olívio Tomé', 74, 'Avançado', 'Portugal', 16),
(678, 'Mustmaa', 80, 'Avançado', 'Estónia', 16),
(679, 'João Rego', 84, 'Avançado', 'Portugal', 16),
(680, 'Varela', 89, 'Avançado', 'Portugal', 16),
(681, 'Ivan Lima', 90, 'Avançado', 'Portugal', 16),
(682, 'Eduardo Fernandes', 94, 'Avançado', 'Portugal', 16),
(683, 'Melro', 97, 'Avançado', 'Portugal', 16),
(684, 'Luan Farias', 99, 'Avançado', 'Brasil', 16),
(685, 'Franco Israel', 1, 'Guarda-redes', 'Uruguai', 17),
(686, 'Kovacevic', 13, 'Guarda-redes', 'Servia', 17),
(687, 'Diego Calai', 41, 'Guarda-redes', 'Brasil', 17),
(688, 'Diogo Pinto', 51, 'Guarda-redes', 'Portugal', 17),
(689, 'Pires', 74, 'Guarda-redes', 'Portugal', 17),
(690, 'Miguéis', 84, 'Guarda-redes', 'Portugal', 17),
(691, 'Diogo Clara', 94, 'Guarda-redes', 'Portugal', 17),
(692, 'Francisco Silva', 99, 'Guarda-redes', 'Portugal', 17),
(693, 'Matheus Reis', 2, 'Defesa', 'Brasil', 17),
(694, 'St. Juste', 3, 'Defesa', 'Países Baixos', 17),
(695, 'Debast', 6, 'Defesa', 'Bélgica', 17),
(696, 'Fresneda', 22, 'Defesa', 'Espanha', 17),
(697, 'Gonçalo Inácio', 25, 'Defesa', 'Portugal', 17),
(698, 'Ousmane Diomande', 26, 'Defesa', 'Costa do Marfim', 17),
(699, 'Pedro Silva', 44, 'Defesa', 'Portugal', 17),
(700, 'Moreira', 46, 'Defesa', 'Portugal', 17),
(701, 'Ricardo Esgaio', 47, 'Defesa', 'Portugal', 17),
(702, 'Leonardo Barroso', 49, 'Defesa', 'Portugal', 17),
(703, 'Alexandre Brito', 50, 'Defesa', 'Portugal', 17),
(704, 'João Simões', 52, 'Defesa', 'Portugal', 17),
(705, 'Bruno Ramos', 54, 'Defesa', 'Brasil', 17),
(706, 'José Silva', 55, 'Defesa', 'Portugal', 17),
(707, 'Atanásio Cunha', 61, 'Defesa', 'Portugal', 17),
(708, 'Miguel', 66, 'Defesa', 'Portugal', 17),
(709, 'Eduardo Quaresma', 72, 'Defesa', 'Portugal', 17),
(710, 'Rafael Mota', 85, 'Defesa', 'Portugal', 17),
(711, 'Lucas Taibo', 95, 'Defesa', 'Espanha', 17),
(712, 'Morita', 5, 'Médio', 'Japão', 17),
(713, 'Ugarte', 11, 'Médio', 'Uruguai', 17),
(714, 'Pablo Sarabia', 18, 'Médio', 'Espanha', 17),
(715, 'Nuno Santos', 19, 'Médio', 'Portugal', 17),
(716, 'Mateus Fernandes', 21, 'Médio', 'Portugal', 17),
(717, 'Khayat', 35, 'Médio', 'Portugal', 17),
(718, 'Léo', 45, 'Médio', 'Brasil', 17),
(719, 'Dario Essugo', 71, 'Médio', 'Portugal', 17),
(720, 'André Almeida', 73, 'Médio', 'Portugal', 17),
(721, 'Rayan Cherki', 78, 'Médio', 'França', 17),
(722, 'Pedro Gonçalves', 99, 'Médio', 'Portugal', 17),
(723, 'Adan', 4, 'Avançado', 'Espanha', 17),
(724, 'Hidemasa Morita', 7, 'Avançado', 'Japão', 17),
(725, 'Fatawu Issahaku', 8, 'Avançado', 'Gana', 17),
(726, 'Bruno Tabata', 9, 'Avançado', 'Brasil', 17),
(727, 'Arthur Gomes', 10, 'Avançado', 'Brasil', 17),
(728, 'Paulinho', 12, 'Avançado', 'Brasil', 17),
(729, 'Edinho', 20, 'Avançado', 'Brasil', 17),
(730, 'Tiago Tomás', 28, 'Avançado', 'Portugal', 17),
(731, 'Nuno Moreira', 29, 'Avançado', 'Portugal', 17),
(732, 'Jovane Cabral', 30, 'Avançado', 'Portugal', 17),
(733, 'Gonzalo Plata', 31, 'Avançado', 'Equador', 17),
(734, 'Vitor Roque', 34, 'Avançado', 'Brasil', 17),
(735, 'Youssef En-Nesyri', 60, 'Avançado', 'Marrocos', 17),
(736, 'Gonzalo Montiel', 62, 'Avançado', 'Argentina', 17),
(737, 'Fernando Gorriaran', 68, 'Avançado', 'Uruguai', 17),
(738, 'Dylan Leuvens', 69, 'Avançado', 'Bélgica', 17),
(739, 'Tomas Rodrigues', 75, 'Avançado', 'Portugal', 17),
(740, 'Hugo Gomes', 81, 'Avançado', 'Portugal', 17),
(741, 'Tiago Almeida', 83, 'Avançado', 'Portugal', 17),
(742, 'Gustavo Ribeiro', 88, 'Avançado', 'Portugal', 17),
(743, 'Lucas Oliveira', 90, 'Avançado', 'Brasil', 17),
(744, 'Hugo Ferreira', 92, 'Avançado', 'Portugal', 17),
(745, 'Ricardo Almeida', 93, 'Avançado', 'Portugal', 17),
(746, 'José Mário', 96, 'Avançado', 'Portugal', 17),
(747, 'Fábio Pires', 97, 'Avançado', 'Portugal', 17),
(748, 'Carlos Rodrigues', 98, 'Avançado', 'Portugal', 17),
(749, 'Anderson', 99, 'Avançado', 'Brasil', 17),
(750, 'Morrison', 1, 'Guarda-redes', 'Reino Unido', 18),
(751, 'Peixoto', 2, 'Guarda-redes', 'Portugal', 18),
(752, 'Fábio Lima', 3, 'Guarda-redes', 'Brasil', 18),
(753, 'Bruno Gomes', 4, 'Guarda-redes', 'Brasil', 18),
(754, 'Bruno Pinto', 5, 'Guarda-redes', 'Portugal', 18),
(755, 'Rui Alves', 6, 'Guarda-redes', 'Portugal', 18),
(756, 'Lucas', 7, 'Defesa', 'Brasil', 18),
(757, 'Candeias', 8, 'Defesa', 'Portugal', 18),
(758, 'Pedro Pereira', 9, 'Defesa', 'Portugal', 18),
(759, 'Bruno Gomes', 10, 'Defesa', 'Portugal', 18),
(760, 'Kássio', 11, 'Defesa', 'Brasil', 18),
(761, 'Fábio Ferreira', 12, 'Defesa', 'Portugal', 18),
(762, 'Júnior', 13, 'Defesa', 'Brasil', 18),
(763, 'Eduardo', 14, 'Defesa', 'Brasil', 18),
(764, 'Bruno Alves', 15, 'Defesa', 'Portugal', 18),
(765, 'Rodrigues', 16, 'Defesa', 'Portugal', 18),
(766, 'Fábio Lima', 17, 'Defesa', 'Brasil', 18),
(767, 'Nuno Santos', 18, 'Defesa', 'Portugal', 18),
(768, 'Lucas Lopes', 19, 'Defesa', 'Portugal', 18),
(769, 'Cláudio', 20, 'Defesa', 'Portugal', 18),
(770, 'Matheus', 21, 'Defesa', 'Brasil', 18),
(771, 'Henrique', 22, 'Defesa', 'Portugal', 18),
(772, 'Bruno Martins', 23, 'Defesa', 'Portugal', 18),
(773, 'Paulo Costa', 24, 'Defesa', 'Portugal', 18),
(774, 'Pedro Mendes', 25, 'Defesa', 'Portugal', 18),
(775, 'Gustavo', 26, 'Defesa', 'Brasil', 18),
(776, 'Iker', 27, 'Defesa', 'Espanha', 18),
(777, 'Hugo', 28, 'Médio', 'Portugal', 18),
(778, 'Nuno', 29, 'Médio', 'Portugal', 18),
(779, 'Rafael', 30, 'Médio', 'Brasil', 18),
(780, 'Francisco', 31, 'Médio', 'Portugal', 18),
(781, 'Leandro', 32, 'Médio', 'Portugal', 18),
(782, 'Diogo', 33, 'Médio', 'Portugal', 18),
(783, 'Guilherme', 34, 'Médio', 'Brasil', 18),
(784, 'Rafael Sanches', 35, 'Médio', 'Portugal', 18),
(785, 'Mateus', 36, 'Médio', 'Portugal', 18),
(786, 'Fábio', 37, 'Médio', 'Portugal', 18),
(787, 'Paulo', 38, 'Médio', 'Portugal', 18),
(788, 'Alex', 39, 'Médio', 'Brasil', 18),
(789, 'Gustavo Santos', 40, 'Médio', 'Brasil', 18),
(790, 'Paulo Alves', 41, 'Médio', 'Portugal', 18),
(791, 'Victor', 42, 'Médio', 'Portugal', 18),
(792, 'Fábio Pires', 43, 'Médio', 'Portugal', 18),
(793, 'Miguel', 44, 'Avançado', 'Portugal', 18),
(794, 'Ricardo', 45, 'Avançado', 'Brasil', 18),
(795, 'Lucas', 46, 'Avançado', 'Brasil', 18),
(796, 'Rafael Martins', 47, 'Avançado', 'Portugal', 18),
(797, 'Diogo Gomes', 48, 'Avançado', 'Portugal', 18),
(798, 'Miguel Silva', 49, 'Avançado', 'Portugal', 18),
(799, 'João Sousa', 50, 'Avançado', 'Portugal', 18),
(800, 'Rafael Ferreira', 51, 'Avançado', 'Brasil', 18),
(801, 'Rodrigo', 52, 'Avançado', 'Brasil', 18),
(802, 'Cláudio Silva', 53, 'Avançado', 'Portugal', 18),
(803, 'André', 54, 'Avançado', 'Portugal', 18),
(804, 'Victor Hugo', 55, 'Avançado', 'Portugal', 18),
(805, 'Hugo Almeida', 56, 'Avançado', 'Portugal', 18),
(806, 'Vítor Gomes', 57, 'Avançado', 'Portugal', 18),
(807, 'Paulo Silva', 58, 'Avançado', 'Portugal', 18),
(808, 'Mário', 59, 'Avançado', 'Portugal', 18),
(809, 'Ricardo Pereira', 60, 'Avançado', 'Brasil', 18);

-- --------------------------------------------------------

--
-- Estrutura da tabela `tecnicos`
--

CREATE TABLE `tecnicos` (
  `id` int(11) NOT NULL,
  `nome` varchar(255) NOT NULL,
  `funcao` varchar(100) DEFAULT NULL,
  `nacionalidade` varchar(50) DEFAULT NULL,
  `clube_id` int(11) DEFAULT NULL
) ENGINE=InnoDB DEFAULT CHARSET=utf8mb4 COLLATE=utf8mb4_general_ci;

--
-- Extraindo dados da tabela `tecnicos`
--

INSERT INTO `tecnicos` (`id`, `nome`, `funcao`, `nacionalidade`, `clube_id`) VALUES
(1, 'Ian Francis Cathro', 'Treinador Principal', 'Grã-Bretanha e Irlanda do Norte', 5),
(2, 'José Miguel Carvalho da Mata Gomes Moreira', 'Treinador Adjunto', 'Portugal', 5),
(3, 'Carlos Bryant Lazaro Paulino', 'Treinador Adjunto', 'Estados Unidos da América', 5),
(4, 'José Carlos Boaventura Fernandes', 'Treinador Adjunto', 'Portugal', 6),
(5, 'José Augusto Gonçalves Pinto de Almeida Faria', 'Treinador Adjunto', 'Portugal', 6),
(6, 'Ricardo Sousa Malafaia Fernandes', 'Treinador Adjunto', 'Portugal', 6),
(7, 'Gonzalo Manuel Garcia Garcia', 'Treinador Principal', 'Espanha', 7),
(8, 'Juan Carlos Andres Costas', 'Treinador Adjunto', 'Espanha', 7),
(9, 'Armando Evangelista Macedo de Freitas', 'Treinador Principal', 'Portugal', 8),
(10, 'André Teixeira Balinha', 'Treinador Adjunto', 'Portugal', 8),
(11, 'António Vítor da Costa Machado', 'Treinador Adjunto', 'Portugal', 8),
(12, 'Ricardo Jorge Ferreira Pinto da Silva', 'Treinador Adjunto', 'Portugal', 8),
(13, 'José Filipe Macedo de Freitas', 'Treinador Adjunto', 'Portugal', 8),
(14, 'Ricardo Miguel Pereira Gonçalves', 'Treinador Guarda-Redes', 'Portugal', 8),
(15, 'Vítor Bruno Clara Santos e Motas Fernandes', 'Treinador Principal', 'Portugal', 9),
(16, 'Vitor Alexandre Marreco de Gouveia', 'Treinador Adjunto', 'Portugal', 9),
(17, 'Luís Miguel da Mota Carvalho Ferreira', 'Treinador Adjunto', 'Portugal', 9),
(18, 'Óscar Miguel Farias Fialho Tojo', 'Treinador Adjunto', 'Portugal', 9),
(19, 'Nuno Miguel Torres Piloto de Albuquerque', 'Treinador Adjunto', 'Portugal', 9),
(20, 'Carlos Hernandez Pintado', 'Treinador Adjunto', 'Portugal', 9),
(21, 'Bruno Miguel Nogueira Pinheiro', 'Treinador Principal', 'Portugal', 10),
(22, 'Emanuel Infante Mesquita', 'Treinador Adjunto', 'Portugal', 10),
(23, 'João Carlos Amaral Marques Coimbra', 'Treinador Adjunto', 'Portugal', 10),
(24, 'Rafael Peixoto da Silva Vieira', 'Treinador Adjunto', 'Portugal', 10),
(25, 'Paulo César da Silva Peixoto', 'Treinador Principal', 'Portugal', 11),
(26, 'Diogo Alexandre Martins Coutinho', 'Treinador Adjunto', 'Portugal', 11),
(27, 'João Pedro Baptista dos Santos Brito Gião', 'Treinador Adjunto', 'Portugal', 11),
(28, 'Carlos Henrique Faustino de Abreu', 'Treinador Adjunto', 'Portugal', 11),
(29, 'Luís Carlos Batalha Freire', 'Treinador Principal', 'Portugal', 12),
(30, 'Tiago Miguel Alexandre Louzeiro', 'Treinador Adjunto', 'Portugal', 12),
(31, 'Carlos Manuel Portela Braz', 'Treinador Adjunto', 'Portugal', 12),
(32, 'Rui Silva Ramos Henriques Araújo de Sousa', 'Treinador Adjunto', 'Portugal', 12),
(33, 'João Luís Mendes Ferreira', 'Treinador Adjunto', 'Portugal', 12),
(34, 'Augusto Vilela Gama', 'Treinador Adjunto', 'Portugal', 12),
(35, 'Nuno André Batalha da Silva', 'Treinador Adjunto', 'Portugal', 12),
(36, 'Vasco Miguel Lopes de Matos', 'Treinador Principal', 'Portugal', 13),
(37, 'Leandro Garcia Azevedo Pires', 'Treinador Adjunto', 'Portugal', 13),
(38, 'João Diogo Sousa Batista', 'Treinador Adjunto', 'Portugal', 13),
(39, 'João Marcelo Vieira Pereira', 'Treinador Adjunto', 'Portugal', 13),
(40, 'Carlos Augusto Soares da Costa Faria Carvalhal', 'Treinador Principal', 'Portugal', 14),
(41, 'Tiago João Bastos Pires', 'Treinador Adjunto', 'Portugal', 14),
(42, 'João Mário Ferreira Oliveira', 'Treinador Adjunto', 'Portugal', 14),
(43, 'João Gualter Azevedo Meireles de Sousa', 'Treinador Adjunto', 'Portugal', 14),
(44, 'Eduardo dos Reis Carvalho', 'Treinador Adjunto', 'Portugal', 14),
(45, 'Filipe Manuel Lopes Antunes', 'Treinador Adjunto', 'Portugal', 14),
(46, 'Orlando Manuel Vieira da Silva', 'Treinador Adjunto', 'Portugal', 14),
(47, 'António José Marreco de Gouveia', 'Treinador Principal', 'Portugal', 15),
(48, 'Sandro Fernando Silva Cunha', 'Treinador Adjunto', 'Portugal', 15),
(49, 'João Pedro Marques Duarte', 'Treinador Adjunto', 'Portugal', 15),
(50, 'Márcio José Raposo Ramos', 'Treinador Adjunto', 'Portugal', 15),
(51, 'Rúben Amorim', 'Treinador Principal', 'Portugal', 17),
(52, 'Emmanuel Ferro', 'Treinador Adjunto', 'Portugal', 17),
(53, 'João Pedro Sousa', 'Treinador Adjunto', 'Portugal', 17),
(54, 'Tiago Almeida', 'Treinador Adjunto', 'Portugal', 17),
(55, 'Nuno Gomes', 'Treinador de Guarda-Redes', 'Portugal', 17),
(56, 'Bruno Varela', 'Treinador de Guarda-Redes', 'Portugal', 17),
(57, 'Luis Castro', 'Treinador Principal', 'Portugal', 18),
(58, 'Rui Faria', 'Treinador Adjunto', 'Portugal', 18),
(59, 'João Pedro Sousa', 'Treinador Adjunto', 'Portugal', 18),
(60, 'Jorge Costa', 'Treinador de Guarda-Redes', 'Portugal', 18),
(61, 'Carlos Martins', 'Treinador de Guarda-Redes', 'Portugal', 18),
(62, 'André Almeida', 'Treinador de Guarda-Redes', 'Portugal', 18);

--
-- Índices para tabelas despejadas
--

--
-- Índices para tabela `clubes`
--
ALTER TABLE `clubes`
  ADD PRIMARY KEY (`id`);

--
-- Índices para tabela `jogadores`
--
ALTER TABLE `jogadores`
  ADD PRIMARY KEY (`id`),
  ADD KEY `clube_id` (`clube_id`);

--
-- Índices para tabela `tecnicos`
--
ALTER TABLE `tecnicos`
  ADD PRIMARY KEY (`id`),
  ADD KEY `clube_id` (`clube_id`);

--
-- AUTO_INCREMENT de tabelas despejadas
--

--
-- AUTO_INCREMENT de tabela `clubes`
--
ALTER TABLE `clubes`
  MODIFY `id` int(11) NOT NULL AUTO_INCREMENT, AUTO_INCREMENT=19;

--
-- AUTO_INCREMENT de tabela `jogadores`
--
ALTER TABLE `jogadores`
  MODIFY `id` int(11) NOT NULL AUTO_INCREMENT, AUTO_INCREMENT=810;

--
-- AUTO_INCREMENT de tabela `tecnicos`
--
ALTER TABLE `tecnicos`
  MODIFY `id` int(11) NOT NULL AUTO_INCREMENT, AUTO_INCREMENT=63;

--
-- Restrições para despejos de tabelas
--

--
-- Limitadores para a tabela `jogadores`
--
ALTER TABLE `jogadores`
  ADD CONSTRAINT `jogadores_ibfk_1` FOREIGN KEY (`clube_id`) REFERENCES `clubes` (`id`);

--
-- Limitadores para a tabela `tecnicos`
--
ALTER TABLE `tecnicos`
  ADD CONSTRAINT `tecnicos_ibfk_1` FOREIGN KEY (`clube_id`) REFERENCES `clubes` (`id`);
COMMIT;

/*!40101 SET CHARACTER_SET_CLIENT=@OLD_CHARACTER_SET_CLIENT */;
/*!40101 SET CHARACTER_SET_RESULTS=@OLD_CHARACTER_SET_RESULTS */;
/*!40101 SET COLLATION_CONNECTION=@OLD_COLLATION_CONNECTION */;
